<?xml version="1.0" encoding="UTF-8"?>
<beans  
    xmlns="http://www.springframework.org/schema/beans"  
    xmlns:xsi="http://www.w3.org/2001/XMLSchema-instance"  
    xmlns:p="http://www.springframework.org/schema/p"  
    xsi:schemaLocation="http://www.springframework.org/schema/beans  
               http://www.springframework.org/schema/beans/spring-beans-3.0.xsd">  
  
<bean class="com.yogi.MarginBean" id="id1">  
 <constructor-arg  value="101" ></constructor-arg>
 <constructor-arg  value="st00" ></constructor-arg>
 </bean>
 
 <bean class="com.yogi.ModelBean" id="id2">  
 <constructor-arg  value="102" ></constructor-arg>
 <constructor-arg  value="st01" ></constructor-arg>
  <constructor-arg  value="50000.00" ></constructor-arg>
  <constructor-arg  ref="id1" ></constructor-arg>
</bean>

<bean class="com.yogi.ProductBean" id="id3">  
 <constructor-arg  value="103" ></constructor-arg>
 <constructor-arg  value="laptop" ></constructor-arg>
 <constructor-arg  ref="id2" ></constructor-arg>
 </bean>
 

</beans>