<?xml version="1.0" encoding="UTF-8"?>
<beans   
    xmlns="http://www.springframework.org/schema/beans"  
    xmlns:xsi="http://www.w3.org/2001/XMLSchema-instance"  
    xmlns:p="http://www.springframework.org/schema/p"  
    xsi:schemaLocation="http://www.springframework.org/schema/beans  
 http://www.springframework.org/schema/beans/spring-beans-3.0.xsd">    
   
<bean class="com.yogi.AddressBean" id="p">   
<constructor-arg value="rajur"></constructor-arg>
<constructor-arg value="maharashtra"></constructor-arg>
</bean> 

<bean class="com.yogi.EmployeeBean" id="id2">   
<constructor-arg value="101"></constructor-arg>
<constructor-arg value="yogi"></constructor-arg>
<constructor-arg name="ob" ref="p"></constructor-arg>

</bean> 
</beans>