<?xml version="1.0" encoding="UTF-8"?>
<beans   
    xmlns="http://www.springframework.org/schema/beans"  
    xmlns:xsi="http://www.w3.org/2001/XMLSchema-instance"  
    xmlns:p="http://www.springframework.org/schema/p"  
    xsi:schemaLocation="http://www.springframework.org/schema/beans  
 http://www.springframework.org/schema/beans/spring-beans-3.0.xsd">    
   
<bean class="com.yogi.DemoBean" id="id1">   
<constructor-arg value="101"></constructor-arg>
<constructor-arg value="yogi"></constructor-arg>
<constructor-arg value="rajur"></constructor-arg>
<constructor-arg>
<list>
<value>78228344</value>
<value>70304344</value>
<value>70664744</value>
</list>
</constructor-arg>
</bean> 
</beans>