<?xml version="1.0" encoding="UTF-8"?>
<beans xmlns = "http://www.springframework.org/schema/beans"
   xmlns:xsi = "http://www.w3.org/2001/XMLSchema-instance"
   xmlns:context = "http://www.springframework.org/schema/context"
   xsi:schemaLocation = "http://www.springframework.org/schema/beans
   http://www.springframework.org/schema/beans/spring-beans-3.0.xsd
   http://www.springframework.org/schema/context
   http://www.springframework.org/schema/context/spring-context-3.0.xsd">
   <context:annotation-config/>  
<bean class="com.yogi.AddressBean" id="temp_address">   
<property name="hno" value="101"/>  
<property name="city" value="jalna"/>
<property name="state" value="maharashtra"/>
</bean> 
<bean class="com.yogi.AddressBean" id="peraddress">   
<property name="hno" value="102"/>  
<property name="city" value="rajur"/>
<property name="state" value="maharashtra"/>
</bean> 

<bean class="com.yogi.StudentBean" id="id2">   
<property name="sid" value="1"/>  
<property name="sname" value="yogi"/>

</bean> 
</beans>