<?xml version="1.0" encoding="UTF-8"?>
<beans   
    xmlns="http://www.springframework.org/schema/beans"   
    xmlns:xsi="http://www.w3.org/2001/XMLSchema-instance"   
    xmlns:p="http://www.springframework.org/schema/p"   
    xsi:schemaLocation="http://www.springframework.org/schema/beans   
               http://www.springframework.org/schema/beans/spring-beans-3.0.xsd">   
   
<bean class="com.yogi.AddressBean" id="id1">   
<property name="city" value="jalna"/>  
<property name="state" value="maharashtra"/>
</bean> 

<bean class="com.yogi.StudentinFoBean" id="id2">   
<property name="sid" value="101"/>  
<property name="name" value="yogi"/>
<property name="ob" ref="id1"></property>
</bean> 
</beans>