<?xml version="1.0" encoding="UTF-8"?>
<beans   
    xmlns="http://www.springframework.org/schema/beans"   
    xmlns:xsi="http://www.w3.org/2001/XMLSchema-instance"   
    xmlns:p="http://www.springframework.org/schema/p"   
    xsi:schemaLocation="http://www.springframework.org/schema/beans    
http://www.springframework.org/schema/beans/spring-beans-3.0.xsd">   
   
<bean id="id1" class="org.springframework.jdbc.datasource.DriverManagerDataSource">   
<property name="driverClassName" value="oracle.jdbc.driver.OracleDriver" />   
<property name="url" value="jdbc:oracle:thin:@localhost:1521:xe" />   
<property name="username" value="yogi" />   
<property name="password" value="yogi123" />   
</bean>    

<bean id="id2" class="org.springframework.jdbc.core.JdbcTemplate">   
<property name="dataSource" ref="id1"></property>   
</bean>   

<bean id="id3" class="com.yogi.StudentBean">   
<property name="jt" ref="id2"></property>   
</bean>   
</beans>