<?xml version="1.0" encoding="UTF-8"?>
<beans  
    xmlns="http://www.springframework.org/schema/beans"  
    xmlns:xsi="http://www.w3.org/2001/XMLSchema-instance"  
    xmlns:p="http://www.springframework.org/schema/p"  
    xsi:schemaLocation="http://www.springframework.org/schema/beans  
               http://www.springframework.org/schema/beans/spring-beans-3.0.xsd">  
  
<bean class="com.yogi.ECBean" id="id1">  
 <constructor-arg  value="1000" ></constructor-arg>
 <constructor-arg  value="Sanket" ></constructor-arg>
 <constructor-arg  value="800" ></constructor-arg>
 <constructor-arg  value="400" ></constructor-arg>

</bean>
</beans>