<?xml version="1.0" encoding="UTF-8"?>
<beans   
    xmlns="http://www.springframework.org/schema/beans"   
    xmlns:xsi="http://www.w3.org/2001/XMLSchema-instance"   
    xmlns:p="http://www.springframework.org/schema/p"   
    xsi:schemaLocation="http://www.springframework.org/schema/beans   
               http://www.springframework.org/schema/beans/spring-beans-3.0.xsd">   
   
<bean class="com.yogi.EmployeBean" id="id1">   
<property name="eid" value="101"></property>   
<property name="ename" value="yogi"></property> 
<property name="salary" value="50000"></property> 
</bean> 
</beans>